{"resultadosSimulacion":{"vehiculos":{"total":15,"carros":5,"motos":5,"buses":2,"camiones":2,"motoTaxis":1},"mallaVial":{"vias":39,"intersecciones":33,"viasUnSentido":2,"viasDobleSentido":37,"velocidadMinima":60.0,"velocidadMaxima":80.0,"longitudPromedio":2671.889193889583,"vehiculosEnInterseccion":{"promedioOrigen":1.1538461538461537,"promedioDestino":1.1538461538461537,"sinOrigen":29,"sinDestino":29}},"tiempos":{"simulacion":null,"realidad":1496.0},"velocidades":{"minima":40.505793826105496,"maxima":74.302771637838,"promedio":56.600615424996704},"distancias":{"minima":4500.0,"maxima":25066.65382639197,"promedio":13635.842519328788}}}