{"resultadosSimulacion":{"vehiculos":{"total":15,"carros":7,"motos":2,"buses":2,"camiones":2,"motoTaxis":2},"mallaVial":{"vias":40,"intersecciones":34,"viasUnSentido":0,"viasDobleSentido":40,"velocidadMinima":60.0,"velocidadMaxima":80.0,"longitudPromedio":2954.1860610567574,"vehiculosEnInterseccion":{"promedioOrigen":1.3636363636363635,"promedioDestino":1.0714285714285714,"sinOrigen":31,"sinDestino":28}},"tiempos":{"simulacion":null,"realidad":1721.0},"velocidades":{"minima":45.54390895154746,"maxima":77.26430585939578,"promedio":54.54075498419081},"distancias":{"minima":3000.0,"maxima":22086.08536205911,"promedio":11623.514921100588}}}