{"resultadosSimulacion":{"vehiculos":{"total":67,"carros":30,"motos":16,"buses":10,"camiones":5,"motoTaxis":6},"mallaVial":{"vias":65,"intersecciones":41,"viasUnSentido":4,"viasDobleSentido":61,"velocidadMinima":60.0,"velocidadMaxima":80.0,"longitudPromedio":3047.1789543593827,"vehiculosEnInterseccion":{"promedioOrigen":2.2333333333333334,"promedioDestino":2.0303030303030303,"sinOrigen":11,"sinDestino":8}},"tiempos":{"simulacion":18.87,"realidad":1887.0},"velocidades":{"minima":40.067540961130724,"maxima":78.80566520955897,"promedio":60.843227121918616},"distancias":{"minima":1200.0,"maxima":25086.08536205911,"promedio":10546.922376719749}}}